PlotNum;TreeNum;Species;X;Y;Status_2009;d13_2009;hc_2009;Status_2010;Notes_2010;Damage_class;break_h;h
TEXAS;427;2;2515893.841;6861244.478;11;282;3.7;11;;0;NA;22.71958941
TEXAS;426;2;2515894.14;6861238.931;11;251;7.7;11;;0;NA;20.75026649
TEXAS;425;2;2515897.24;6861240.716;11;257;2.9;11;;0;NA;21.13726144
TEXAS;424;2;2515896.618;6861237.387;11;262;7.7;12;katkennut 10.5 m korkeudelta;1;10.5;21.45759135
TEXAS;420;1;2515907.379;6861237.728;22;198;NA;22;;0;NA;18.11151924
TEXAS;419;1;2515909.351;6861236.989;11;192;11.7;22;pökkelö 9 m;1;9;17.86193369
TEXAS;418;1;2515908.772;6861234.622;11;190;13;22;pökkelö 11 m;1;11;17.77699197
TEXAS;404;2;2515913.405;6861233.367;11;252;3.1;11;;0;NA;20.81496376
TEXAS;402;2;2515918.541;6861233.24;11;229;1.8;11;;0;NA;19.30652844
TEXAS;396;1;2515921.036;6861230.486;11;213;12.1;12;katkennut 12 m korkeudelta;1;12;18.70305537
TEXAS;393;1;2515926.019;6861229.79;11;297;12;22;pökkelö 8 m;1;8;21.34373711
TEXAS;31;2;2515961.04;6861220.429;11;243;1.9;11;;0;NA;20.22981096
TEXAS;33;2;2515962.862;6861220.788;11;201;11.2;12;katkennut 9 m korkeudelta;1;9;17.41078054
TEXAS;35;2;2515965.473;6861221.85;11;247;4.3;11;;0;NA;20.49068012
TEXAS;36;4;2515964.924;6861218.847;11;120;8.9;11;;0;NA;11.52704326
TEXAS;50;1;2515967.524;6861221.984;12;136;13.5;22;pökkelö 4 m. latva kiinni;1;4;15.09089752
TEXAS;49;2;2515967.175;6861220.22;11;197;4.7;11;;0;NA;17.13444962
TEXAS;48;2;2515967.691;6861217.462;11;174;4.3;11;;0;NA;15.5178671
TEXAS;51;1;2515969.86;6861223.922;11;228;11.1;11;;0;NA;19.25224566
TEXAS;53;2;2515969.307;6861218.184;11;179;4.1;11;;0;NA;15.8733664
TEXAS;52;2;2515970.607;6861220.236;11;152;3.7;11;;0;NA;13.92602854
TEXAS;69;1;2515972.954;6861222.805;11;225;10.6;11;;0;NA;19.14557543
TEXAS;68;2;2515972.676;6861220.081;11;159;4.4;11;;0;NA;14.43747245
TEXAS;70;1;2515974.876;6861221.491;11;282;11.3;12;2-haarainen 8 m lähtien;0;NA;20.94096442
TEXAS;67;2;2515974.529;6861218.37;11;153;3.1;11;;0;NA;13.99937869
TEXAS;66;2;2515974.539;6861217.108;11;206;2.5;11;;0;NA;17.754229
TEXAS;71;1;2515977.156;6861222.904;11;215;11.5;11;;0;NA;18.77862496
TEXAS;72;1;2515977.922;6861219.701;11;154;12.2;11;;0;NA;16.07967141
TEXAS;74;1;2515979.573;6861215.487;11;228;11.9;11;;0;NA;19.25224566
TEXAS;73;1;2515980.649;6861217.33;11;237;14.2;22;pökkelö 10 m;1;10;19.56328564
TEXAS;429;2;2515891.97;6861227.771;11;258;7.8;11;;0;NA;21.20148426
TEXAS;423;2;2515897.456;6861234.729;11;203;6.3;11;;0;NA;17.54842095
TEXAS;431;2;2515896.268;6861229.67;11;243;10.4;11;;0;NA;20.22981096
TEXAS;432;2;2515896.014;6861226.695;11;275;9;12;katkennut 10 m korkeudelta;1;10;22.28136828
TEXAS;422;1;2515903.171;6861234.742;11;269;12.5;11;;0;NA;20.5706505
TEXAS;421;1;2515906.648;6861233.26;11;250;12.4;22;pökkelö 4.5 m ;1;4.5;19.99015635
TEXAS;414;2;2515906.847;6861225.052;11;208;5.7;11;;0;NA;17.89100123
TEXAS;416;2;2515909.663;6861228.274;11;239;4.5;11;;0;NA;19.96764948
TEXAS;415;2;2515909.764;6861225.973;11;208;6;11;;0;NA;17.89100123
TEXAS;417;1;2515911.816;6861229.911;11;235;12.9;32;tuulenkaato (juurineen);3;NA;19.49530122
TEXAS;405;2;2515913.793;6861231.955;11;221;3;11;;0;NA;18.77166992
TEXAS;410;1;2515911.96;6861223.869;11;298;13.7;11;;0;NA;21.36971018
TEXAS;406;2;2515915.042;6861229.807;11;194;4.6;11;;0;NA;16.92627732
TEXAS;407;1;2515914.307;6861226.622;11;262;14.4;11;;0;NA;20.36244863
TEXAS;408;1;2515914.615;6861225.131;11;267;14.1;11;;0;NA;20.51181356
TEXAS;409;2;2515914.657;6861222.645;11;170;2.4;11;;0;NA;15.23181192
TEXAS;401;1;2515917.973;6861227.313;11;120;12.1;11;;0;NA;14.11592392
TEXAS;400;1;2515918.851;6861224.758;11;152;11.2;11;;0;NA;15.97493136
TEXAS;397;1;2515920.673;6861227.43;11;211;11.8;11;;0;NA;18.62673398
TEXAS;398;1;2515921.215;6861225.898;12;187;10.3;12;latvus toispuoleinen. Puu nro 397 varjostaa;0;NA;17.64789437
TEXAS;399;1;2515920.455;6861220.053;11;279;14;11;;0;NA;20.85732531
TEXAS;390;1;2515923.218;6861221.499;11;160;12.5;11;;0;NA;16.38673136
TEXAS;389;1;2515923.406;6861219.736;11;179;14.7;11;;0;NA;17.29340142
TEXAS;391;1;2515926.345;6861222.554;12;168;13.1;11;normaali;0;NA;16.78018199
TEXAS;381;1;2515927.286;6861223.812;11;257;10.5;11;;0;NA;20.20975022
TEXAS;380;1;2515928.903;6861226.772;11;221;11.7;11;;0;NA;19.00093243
TEXAS;383;1;2515928.722;6861220.212;14;247;NA;14;nojaa puuhun nro 372;0;NA;19.8938964
TEXAS;382;1;2515929.509;6861222.045;11;257;14;11;;0;NA;20.20975022
TEXAS;378;2;2515931.06;6861225.363;11;122;2.4;11;;0;NA;11.6799828
TEXAS;384;2;2515930.842;6861218.365;11;205;7.4;11;;0;NA;17.68571311
TEXAS;375;1;2515933.134;6861222.454;11;243;13.6;11;;0;NA;19.76348004
TEXAS;373;2;2515934.345;6861220.189;11;178;3.1;11;;0;NA;15.80244956
TEXAS;374;2;2515934.986;6861221.722;11;162;2.9;11;;0;NA;14.65523743
TEXAS;371;2;2515934.344;6861216.244;11;173;5.9;12;katkennut 13 m korkeudelta;1;13;15.44649182
TEXAS;366;2;2515936.365;6861218.412;12;143;6.2;12;katkennut 11 m korkeudelta;1;11;13.26153092
TEXAS;365;1;2515936.871;6861220.234;11;247;12.7;22;pökkelö 11 m;1;11;19.8938964
TEXAS;364;1;2515937.703;6861222.837;11;222;13.4;11;;0;NA;19.0373558
TEXAS;362;1;2515939.853;6861221.417;11;308;12.4;11;;0;NA;21.62371622
TEXAS;358;2;2515938.524;6861215.149;11;252;6.4;11;;0;NA;20.81496376
TEXAS;359;2;2515940.853;6861216.716;12;107;NA;12;Latva katkennut n. 5 m korkeudelta;0;NA;10.52288041
TEXAS;356;1;2515942.511;6861215.489;11;242;14.8;22;pökkelö 13 m;1;13;19.73049952
TEXAS;355;1;2515945.068;6861217.168;11;252;12.3;11;;0;NA;20.05360548
TEXAS;354;1;2515945.186;6861214.076;11;172;14.6;11;;0;NA;16.97040533
TEXAS;4;1;2515946.902;6861212.819;11;192;14.6;11;;0;NA;17.86193369
TEXAS;5;1;2515947.916;6861215.189;11;214;13.7;11;;0;NA;18.74093345
TEXAS;6;1;2515949.145;6861215.687;11;227;14.2;11;;0;NA;19.21685901
TEXAS;7;1;2515951.256;6861215.244;11;226;13.7;11;;0;NA;19.18130268
TEXAS;8;1;2515951.58;6861213.216;11;213;14.1;11;;0;NA;18.70305537
TEXAS;20;1;2515954.521;6861220.035;11;227;11.4;22;pökkelö 8 m;1;8;19.21685901
TEXAS;19;1;2515954.25;6861217.468;11;231;12.8;11;;0;NA;19.35739951
TEXAS;21;2;2515955.167;6861218.799;11;212;2.8;11;;0;NA;18.16351207
TEXAS;15;2;2515953.887;6861212.725;11;157;2.6;11;;0;NA;14.29182226
TEXAS;18;1;2515956.895;6861216.401;11;218;16.2;11;;0;NA;18.89059386
TEXAS;17;1;2515956.345;6861212.599;11;225;13.5;11;;0;NA;19.14557543
TEXAS;16;1;2515956.576;6861211.154;12;190;14.9;11;normaali;0;NA;17.77699197
TEXAS;22;2;2515959.153;6861218.991;11;182;1.5;11;;0;NA;16.08557064
TEXAS;23;1;2515958.827;6861214.354;12;152;14.7;12;latvus supistunut;0;NA;15.97493136
TEXAS;24;1;2515959.832;6861211.343;11;192;16.3;11;;0;NA;17.86193369
TEXAS;29;1;2515960.968;6861214.232;11;217;15.9;11;;0;NA;18.85345382
TEXAS;30;1;2515961.584;6861216.101;11;229;14.7;11;;0;NA;19.28746382
TEXAS;28;1;2515961.47;6861210.521;11;194;14.4;11;;0;NA;17.94599307
TEXAS;38;2;2515963.06;6861215.009;11;178;5.8;11;;0;NA;15.80244956
TEXAS;27;1;2515961.703;6861208.584;11;202;13.7;11;;0;NA;18.27367656
TEXAS;40;1;2515964.152;6861213.01;11;194;14.9;11;;0;NA;17.94599307
TEXAS;41;1;2515963.705;6861210.446;11;186;13.5;11;;0;NA;17.60440535
TEXAS;37;2;2515965.299;6861216.027;11;158;6.1;11;;0;NA;14.36469483
TEXAS;39;2;2515966.172;6861214.825;11;199;6;11;;0;NA;17.27279054
TEXAS;47;1;2515967.227;6861212.424;21;141;NA;21;kelo;0;NA;15.37630924
TEXAS;46;1;2515967.817;6861210.18;11;233;14.3;11;;0;NA;19.42667555
TEXAS;45;1;2515967.726;6861206.874;11;201;14.6;11;;0;NA;18.23344742
TEXAS;54;1;2515970.096;6861213.611;11;225;12.2;11;;0;NA;19.14557543
TEXAS;65;1;2515972.113;6861215.913;11;220;12.8;11;;0;NA;18.96433185
TEXAS;55;1;2515970.437;6861209.409;13;162;12.9;12;katkennut 15 m korkeudelta;0;NA;16.48676555
TEXAS;64;2;2515972.741;6861213.266;11;83;NA;11;;0;NA;8.622024563
TEXAS;63;2;2515973.486;6861211.722;11;149;4.7;11;;0;NA;13.70540087
TEXAS;60;1;2515972.756;6861208.891;11;165;13.8;11;;0;NA;16.63470981
TEXAS;62;1;2515974.48;6861210.875;11;170;12.6;23;lumen/tuulenkaato;3;NA;16.87582048
TEXAS;61;1;2515974.663;6861208.006;11;215;13.8;22;pökkelö 9 m;1;9;18.77862496
TEXAS;76;2;2515979.028;6861211.743;11;150;5.1;12;katkennut 7 m korkeudelta;1;7;13.77903982
TEXAS;79;2;2515977.301;6861204.95;11;179;6.8;11;;0;NA;15.8733664
TEXAS;78;2;2515978.239;6861206.682;11;141;6.5;11;;0;NA;13.11279395
TEXAS;75;2;2515980.293;6861212.37;11;233;5.1;11;;0;NA;19.57196306
TEXAS;77;2;2515979.628;6861207.904;11;165;3.3;11;;0;NA;14.87215446
TEXAS;85;2;2515979.487;6861205.094;11;124;5.7;22;pökkelö 1.5 m;1;1.5;11.83251448
TEXAS;87;2;2515982.058;6861212.621;11;189;5.3;11;;0;NA;16.5775498
TEXAS;86;2;2515981.766;6861207.109;11;253;9.1;11;;0;NA;20.87958158
TEXAS;90;2;2515983.243;6861204.585;11;155;6.2;11;;0;NA;14.1457915
TEXAS;91;2;2515984.826;6861204.507;11;176;6.7;11;;0;NA;15.66034171
TEXAS;88;1;2515986.795;6861209.759;11;218;10.9;11;;0;NA;18.89059386
TEXAS;89;2;2515986.619;6861207.861;11;200;7.5;11;;0;NA;17.34182932
TEXAS;93;2;2515985.885;6861202.804;12;97;7;12;latva vaurioitunut. Joku tippuneista latvoista ehkä osunut tähän;0;NA;9.738385442
TEXAS;92;2;2515988.244;6861206.201;11;176;4.2;11;;0;NA;15.66034171
TEXAS;98;2;2515987.26;6861201.767;11;212;7.2;11;;0;NA;18.16351207
TEXAS;430;2;2515891.054;6861225.298;11;246;8.1;11;;0;NA;20.42558346
TEXAS;349;2;2515891.4;6861220.369;11;286;8.9;11;;0;NA;22.96834402
TEXAS;433;2;2515897.258;6861223.707;11;197;10;11;;0;NA;17.13444962
TEXAS;347;2;2515895.757;6861217.702;11;248;11.7;11;;0;NA;20.55569661
TEXAS;346;2;2515896.508;6861220.211;11;278;11.2;11;;0;NA;22.46963156
TEXAS;434;1;2515900.869;6861222.753;11;208;14.3;11;;0;NA;18.51081756
TEXAS;338;2;2515899.906;6861218.463;11;263;4.9;11;;0;NA;21.52142279
TEXAS;337;16;2515902.534;6861220.369;11;90;2.3;11;;0;NA;9.182870465
TEXAS;435;1;2515903.337;6861223.093;11;238;15;22;pökkelö 12 m;1;12;19.59704018
TEXAS;336;1;2515903.059;6861218.451;11;196;12.6;11;;0;NA;18.02918379
TEXAS;413;2;2515906.195;6861223.712;11;136;6.8;11;;0;NA;12.7392299
TEXAS;412;2;2515905.954;6861221.232;11;194;5;11;;0;NA;16.92627732
TEXAS;330;2;2515905.744;6861219.05;22;128;NA;23;maassa kuollut;3;NA;12.13636073
TEXAS;331;1;2515905.877;6861216.423;11;248;15;11;;0;NA;19.92612921
TEXAS;332;1;2515906.206;6861214.804;11;248;12.8;11;;0;NA;19.92612921
TEXAS;329;1;2515907.571;6861217.685;11;270;13.4;11;;0;NA;20.59987756
TEXAS;333;2;2515907.661;6861213.385;11;104;4.9;11;;0;NA;10.28864514
TEXAS;411;2;2515910.508;6861222.54;11;221;4.9;11;;0;NA;18.77166992
TEXAS;328;1;2515911.581;6861217.602;12;253;14;12;2-haarainen. Puu nro 307 puoleinen haara katkennut;0;NA;20.08511572
TEXAS;327;2;2515912.89;6861219.211;11;184;6.9;11;;0;NA;16.22658668
TEXAS;309;1;2515911.713;6861213.21;11;179;11.7;14;nojaa puuhun nro 310;2;NA;17.29340142
TEXAS;308;1;2515913.115;6861214.444;11;201;13.9;11;;0;NA;18.23344742
TEXAS;307;1;2515914.757;6861216.755;11;246;12.5;11;;0;NA;19.8615161
TEXAS;291;1;2515915.726;6861211.199;11;122;13.5;14;taipunut 7 m / 313 astetta;2;NA;14.24324545
TEXAS;306;1;2515916.968;6861214.887;11;188;13.5;22;pökkelö 9 m;1;9;17.69115395
TEXAS;273;1;2515917.803;6861210.576;11;228;14.2;11;;0;NA;19.25224566
TEXAS;272;1;2515919.452;6861212.821;11;204;13.8;22;pökkelö 10 m;1;10;18.35352389
TEXAS;271;1;2515921.69;6861210.764;11;203;12.6;11;;0;NA;18.31370154
TEXAS;388;1;2515923.315;6861216.088;11;207;13.1;11;;0;NA;18.47179049
TEXAS;387;1;2515926.326;6861217.818;11;237;15.1;22;pökkelö 12 m;1;12;19.56328564
TEXAS;386;1;2515926.555;6861215.08;11;220;15.4;11;;0;NA;18.96433185
TEXAS;255;1;2515926.207;6861213.333;11;183;13.6;11;;0;NA;17.4725432
TEXAS;245;2;2515925.77;6861210.044;11;276;5.4;11;;0;NA;22.34419869
TEXAS;385;2;2515928.626;6861214.526;11;197;3.1;12;pökkelö 12 m;1;12;17.13444962
TEXAS;244;1;2515928.405;6861209.093;11;184;12.5;11;;0;NA;17.51673163
TEXAS;372;2;2515932.321;6861216.236;11;233;8.5;14;vino 1 m / 136 astetta. Puu nro 383 nojaa tähän;0;NA;19.57196306
TEXAS;369;1;2515931.517;6861211.577;11;220;14.1;11;;0;NA;18.96433185
TEXAS;370;2;2515933.744;6861214.301;11;169;5.1;12;pökkelö 14 m;1;14;15.16006667
TEXAS;213;2;2515932.339;6861207.421;11;222;8.1;11;;0;NA;18.83882012
TEXAS;368;2;2515934.966;6861210.957;11;182;5.8;12;latvus epäsymmetrinen;0;NA;16.08557064
TEXAS;212;2;2515934.228;6861206.009;11;168;7.5;12;latvus piiskautunut. Puuttuu 1 m latvasta;1;-1;15.08822848
TEXAS;367;2;2515936.67;6861212.736;11;185;10.9;22;pökkelö 8 m;1;8;16.29695918
TEXAS;211;2;2515935.518;6861205.741;11;235;6.3;11;;0;NA;19.70418604
TEXAS;357;2;2515937.709;6861212.372;12;139;5.6;12;Toispuoleinen. puu nro 367 piiskannut;0;NA;12.96366424
TEXAS;352;1;2515940.27;6861211.894;11;203;12.5;22;pökkelö 7 m;1;7;18.31370154
TEXAS;209;1;2515938.851;6861205.111;11;198;13;11;;0;NA;18.11151924
TEXAS;353;1;2515942.691;6861213.508;11;211;13.1;11;;0;NA;18.62673398
TEXAS;351;2;2515942.315;6861209.918;11;211;3.3;11;;0;NA;18.09551316
TEXAS;187;1;2515941.856;6861205.733;11;235;15;11;;0;NA;19.49530122
TEXAS;350;1;2515945.269;6861211.67;11;163;13.8;11;;0;NA;16.53635886
TEXAS;186;1;2515943.961;6861204.475;12;167;14.6;12;viereiset puut nro 122 ja 187 piiskaavat;0;NA;16.7319621
TEXAS;101;1;2515945.72;6861205.53;11;238;13.1;22;pökkelö 8 m;1;8;19.59704018
TEXAS;1;1;2515946.999;6861209.081;14;203;14;14;;0;NA;18.31370154
TEXAS;102;1;2515945.379;6861203.098;11;167;15.5;11;;0;NA;16.7319621
TEXAS;2;2;2515948.039;6861209.503;11;102;2.3;12;latvus kärsinyt;0;NA;10.13195998
TEXAS;3;2;2515949.113;6861211.073;11;185;6.5;11;;0;NA;16.29695918
TEXAS;9;1;2515951.44;6861210.689;11;248;12.9;11;;0;NA;19.92612921
TEXAS;121;2;2515950.276;6861203.392;11;186;6;11;;0;NA;16.36724157
TEXAS;10;1;2515952.812;6861208.817;11;177;13.2;22;pökkelö 5 m;1;5;17.20237043
TEXAS;14;1;2515953.506;6861210.542;11;190;13.3;11;;0;NA;17.77699197
TEXAS;122;1;2515951.532;6861202.342;11;232;16;11;;0;NA;19.3921194
TEXAS;119;2;2515952.089;6861200.821;11;206;4.6;11;;0;NA;17.754229
TEXAS;11;1;2515953.843;6861206.657;11;210;13.8;11;;0;NA;18.58828785
TEXAS;123;1;2515953.97;6861202.423;11;257;15.8;11;;0;NA;20.20975022
TEXAS;12;1;2515956.098;6861206.478;11;239;12;11;;0;NA;19.63063775
TEXAS;13;1;2515958.251;6861209.034;11;192;13.3;11;;0;NA;17.86193369
TEXAS;125;1;2515956.127;6861200.45;11;157;12.4;11;;0;NA;16.23452463
TEXAS;25;1;2515959.377;6861205.717;11;199;12.5;11;;0;NA;18.15237035
TEXAS;26;1;2515960.344;6861207.211;12;218;13.7;12;2-haarainen. Haarautuu 11m korkeudella.;0;NA;18.89059386
TEXAS;136;1;2515960.43;6861199.2;12;222;14.1;22;kuollut. Katkennut n. 11 m korkeudelta;1;11;19.0373558
TEXAS;42;1;2515962.208;6861205.184;11;181;12;11;;0;NA;17.38345378
TEXAS;137;1;2515961.957;6861200.334;12;168;13.8;22;pökkelö 10 m;1;10;16.78018199
TEXAS;44;1;2515964.763;6861207.284;11;196;12.7;11;;0;NA;18.02918379
TEXAS;138;1;2515963.432;6861200.106;11;187;14.2;22;pökkelö 11 m;1;11;17.64789437
TEXAS;43;1;2515965.228;6861204.397;13;125;13.2;13;kituva;0;NA;14.43120658
TEXAS;139;1;2515964.993;6861199.909;11;227;13;12;katkennut 11 m korkeudelta;1;11;19.21685901
TEXAS;57;1;2515967.877;6861203.375;11;202;13.8;11;;0;NA;18.27367656
TEXAS;56;1;2515969.405;6861205.476;11;234;13.6;11;;0;NA;19.4610691
TEXAS;58;1;2515970.179;6861203.498;11;245;10.9;11;;0;NA;19.82898729
TEXAS;159;2;2515969.395;6861199.368;11;213;3.3;12;latva katkennut n. 17 m korkeudelta;1;17;18.23142539
TEXAS;59;1;2515972.467;6861204.929;11;264;12.7;11;;0;NA;20.42258847
TEXAS;160;2;2515970.9;6861198.314;11;139;2.7;11;;0;NA;12.96366424
TEXAS;161;2;2515972.809;6861199.216;11;230;3;11;;0;NA;19.37301106
TEXAS;162;2;2515972.159;6861196.233;11;178;5.8;11;;0;NA;15.80244956
TEXAS;81;1;2515974.993;6861200.324;12;161;10.2;22;pökkelö 9 m;1;9;16.43689052
TEXAS;80;1;2515975.771;6861201.524;11;182;13.9;11;;0;NA;17.42811789
TEXAS;84;1;2515978.894;6861202.566;11;244;13.8;11;;0;NA;19.79630895
TEXAS;166;1;2515977.932;6861196.759;11;207;11;11;;0;NA;18.47179049
TEXAS;82;1;2515979.152;6861198.934;11;235;11.8;11;;0;NA;19.49530122
TEXAS;83;2;2515980.711;6861201.167;11;212;3.1;11;;0;NA;18.16351207
TEXAS;179;2;2515980.057;6861195.8;11;81;3;11;;0;NA;8.460792973
TEXAS;95;2;2515982.647;6861199.527;12;75;3.3;13;kituva;0;NA;7.974431173
TEXAS;94;1;2515983.525;6861202.038;11;192;11.1;22;pökkelö 9 m;1;9;17.86193369
TEXAS;180;1;2515981.809;6861193.739;11;198;13.5;11;;0;NA;18.11151924
TEXAS;96;2;2515983.567;6861197.489;11;205;6;11;;0;NA;17.68571311
TEXAS;97;2;2515984.649;6861200.319;11;194;4.7;11;;0;NA;16.92627732
TEXAS;181;1;2515984.123;6861192.027;11;241;10.9;11;;0;NA;19.69736635
TEXAS;182;1;2515985.166;6861194.677;11;226;13.6;11;;0;NA;19.18130268
TEXAS;99;2;2515988.098;6861201.192;12;130;4.6;11;normaali;0;NA;12.28767853
TEXAS;100;1;2515989.354;6861198.818;11;267;12.2;11;;0;NA;20.51181356
TEXAS;184;2;2515989.328;6861195.369;12;120;10.3;13;kituva. Latva katkenut n. 13 m korkeudelta;1;13;11.52704326
TEXAS;185;1;2515989.673;6861196.614;11;234;8.2;11;;0;NA;19.4610691
TEXAS;183;2;2515989.116;6861193.513;11;207;5.4;11;;0;NA;17.82265831
TEXAS;348;2;2515891.851;6861216.901;11;287;9.4;11;;0;NA;23.03034568
TEXAS;345;2;2515892.029;6861213.871;11;266;11;22;latvaa puuttuu n. 4 m;1;-4;21.71245057
TEXAS;344;2;2515892.729;6861208.834;11;352;9.1;11;;0;NA;26.90651564
TEXAS;343;2;2515895.238;6861211.704;11;261;8.5;11;;0;NA;21.39368193
TEXAS;339;2;2515897.644;6861215.261;11;222;9.4;22;pökkelö 10 m;1;10;18.83882012
TEXAS;342;2;2515898.949;6861209.922;11;221;7.3;11;;0;NA;18.77166992
TEXAS;323;2;2515900.647;6861205.208;11;243;9.4;11;;0;NA;20.22981096
TEXAS;341;1;2515902.792;6861210.972;21;89;NA;23;kaatunut;3;NA;11.90991343
TEXAS;315;1;2515902.778;6861208.299;11;272;15;22;pökkelö 12 m;1;12;20.65795299
TEXAS;334;2;2515904.609;6861212.71;11;188;5.6;11;;0;NA;16.50753671
TEXAS;340;1;2515904.316;6861211.614;21;110;NA;21;Kelo. kallistunut puuta nro 334 kohti.;0;NA;13.45394292
TEXAS;316;1;2515903.331;6861206.438;21;80;NA;21;kelo;0;NA;11.17495287
TEXAS;314;1;2515904.684;6861208.404;11;239;14.7;22;pökkelö 11 m;1;11;19.63063775
TEXAS;318;2;2515903.874;6861204.645;11;197;9.7;12;latvasta n. 2 m poikki;1;-2;17.13444962
TEXAS;313;2;2515908.083;6861204.534;11;153;4.5;12;katkennut 8 m korkeudelta;1;8;13.99937869
TEXAS;311;1;2515909.726;6861209.037;11;241;13.4;11;;0;NA;19.69736635
TEXAS;310;2;2515911.329;6861211.671;11;178;4;12;latvus puusta nro 328 osuu tähän;0;NA;15.80244956
TEXAS;312;1;2515911.261;6861206.046;11;234;14.5;22;pökkelö 12 m;1;12;19.4610691
TEXAS;298;1;2515911.243;6861202.784;11;217;15.3;22;pökkelö 10 m;1;10;18.85345382
TEXAS;297;2;2515912.665;6861201.627;11;180;8.4;11;;0;NA;15.94419207
TEXAS;293;1;2515914.381;6861207.407;11;286;13.8;11;;0;NA;21.05084695
TEXAS;295;2;2515913.58;6861203.754;11;272;7.4;11;;0;NA;22.09241953
TEXAS;292;1;2515916.378;6861208.01;11;254;14;11;;0;NA;20.11648437
TEXAS;296;1;2515914.639;6861200.77;11;190;14.5;11;;0;NA;17.77699197
TEXAS;294;1;2515916.411;6861202.302;14;216;14.1;14;Vino 1m puuta nro. 296 kohti.;0;NA;18.8161313
TEXAS;274;1;2515919.267;6861208.328;11;167;14;11;;0;NA;16.7319621
TEXAS;277;1;2515918.601;6861203.911;11;249;13.6;22;pökkelö 8 m;1;8;19.95821553
TEXAS;275;1;2515920.853;6861206.663;11;142;14.2;22;pökkelö 8 m;1;8;15.43236331
TEXAS;276;1;2515921.276;6861203.585;11;289;14.3;11;;0;NA;21.1320572
TEXAS;278;1;2515921.274;6861200.712;11;212;14.1;11;;0;NA;18.66498935
TEXAS;247;1;2515924.025;6861207.812;11;232;13.9;11;;0;NA;19.3921194
TEXAS;248;1;2515925.162;6861206.27;11;226;14.1;11;;0;NA;19.18130268
TEXAS;251;2;2515924.044;6861200.774;12;146;2.9;12;2-haarainen. Haarautuu 1.5m korkeudessa.;0;NA;13.48390338
TEXAS;246;2;2515926.977;6861206.085;11;157;5.3;12;puu nro 248 piiskaa;0;NA;14.29182226
TEXAS;249;2;2515926.399;6861201.325;11;204;6;11;;0;NA;17.61711048
TEXAS;250;2;2515926.046;6861199.216;11;228;9.1;11;;0;NA;19.23996292
TEXAS;243;2;2515928.096;6861200.691;11;191;9.3;12;puut nro 250 ja 249 piiskaavat;0;NA;16.71730788
TEXAS;223;1;2515927.749;6861197.168;22;123;NA;22;Poikki n. 4.5m korkeudesta.;0;NA;14.30629813
TEXAS;214;2;2515930.644;6861205.019;11;206;8.8;11;;0;NA;17.754229
TEXAS;215;1;2515930.573;6861203.055;14;195;13.1;22;pökkelö 12 m;1;12;17.98769617
TEXAS;219;2;2515930.244;6861199.525;12;131;6.3;12;Latva poikki n. 10m korkeudesta.;0;NA;12.36318681
TEXAS;218;2;2515932.622;6861202.217;12;199;7.8;12;Latva poikki n. 14m korkeudesta.;0;NA;17.27279054
TEXAS;222;2;2515931.336;6861196.458;11;187;5.5;11;;0;NA;16.43743402
TEXAS;216;2;2515933.727;6861203.513;11;198;8.3;11;;0;NA;17.20366403
TEXAS;217;2;2515934.804;6861201.482;12;227;5.7;12;2-haarainen. Haarautuu n. 7m korkeudesta. Toisesta puuttuu 1 m latvaa;0;NA;19.17331434
TEXAS;221;2;2515934.324;6861196.795;11;244;5.7;11;;0;NA;20.29514903
TEXAS;220;1;2515935.413;6861198.246;11;222;14.8;11;;0;NA;19.0373558
TEXAS;207;1;2515937.606;6861196.821;11;207;12.5;22;pökkelö 7 m;1;7;18.47179049
TEXAS;208;1;2515938.349;6861198.814;11;211;13.5;11;;0;NA;18.62673398
TEXAS;188;1;2515941.578;6861203.097;11;239;13.7;11;;0;NA;19.63063775
TEXAS;190;1;2515940.735;6861199.871;22;155;NA;22;Pökkelö. Poikki n. 12m korkeudesta.;0;NA;16.13158745
TEXAS;193;1;2515940.077;6861195.799;11;156;13.2;12;latvus piiskautunut. Puu nro 192 ;0;NA;16.18320433
TEXAS;191;1;2515941.84;6861198.756;11;217;13.7;11;;0;NA;18.85345382
TEXAS;189;1;2515943.128;6861201.349;12;140;14.5;12;latvus supistunut;0;NA;15.31991656
TEXAS;192;2;2515941.793;6861195.979;11;250;10.5;11;;0;NA;20.68548964
TEXAS;194;2;2515943.338;6861194.151;12;161;7.2;12;2-haarainen. haarautuu n. 1.8 m korkeudelta. Kummastakin latvasta n. 1 m katkennut;0;NA;14.58274356
TEXAS;103;1;2515945.676;6861201.09;12;250;12.2;12;Kolmelatvainen;0;NA;19.99015635
TEXAS;104;1;2515944.587;6861196.368;11;207;13.8;11;;0;NA;18.47179049
TEXAS;106;6;2515945.469;6861195.508;22;115;NA;22;KUUSI. pökkelö 3 m. hyvin vino;0;NA;11.14289919
TEXAS;120;2;2515947.347;6861201.996;11;216;4.6;11;;0;NA;18.43465342
TEXAS;115;2;2515947.759;6861195.419;11;227;8.7;11;;0;NA;19.17331434
TEXAS;118;2;2515950.173;6861197.986;22;140;NA;22;Pökkelö. Poikki n. 5m korkeudesta.;0;NA;13.03827828
TEXAS;114;2;2515950.64;6861192.296;11;278;5.4;11;;0;NA;22.46963156
TEXAS;117;2;2515952.308;6861197.101;11;193;4.1;11;;0;NA;16.85670964
TEXAS;116;1;2515952.111;6861195.276;22;168;NA;22;Pökkelö. Poikki n. 10m korkeudesta.;0;NA;16.78018199
TEXAS;124;1;2515954.255;6861199.053;11;255;13.3;11;;0;NA;20.14771237
TEXAS;127;1;2515954.114;6861193.907;11;257;12.5;11;;0;NA;20.20975022
TEXAS;126;2;2515955.432;6861196.653;11;185;5.2;11;;0;NA;16.29695918
TEXAS;133;1;2515956.55;6861193.868;11;249;12.9;11;;0;NA;19.95821553
TEXAS;132;1;2515957.342;6861191.563;13;190;10;13;Latva poikki/kituva;0;NA;17.77699197
TEXAS;135;1;2515959.644;6861197.758;11;263;15;11;;0;NA;20.39258477
TEXAS;134;1;2515959.443;6861195.969;11;253;15.7;11;;0;NA;20.08511572
TEXAS;144;1;2515960.115;6861192.126;12;205;14.9;12;poikaoksa 2 m korkeudella. Ei 2-haarainen. Latvus piiskautunut. Puu nro 145 piiskannut;0;NA;18.39314515
TEXAS;143;1;2515962.062;6861194.917;11;216;14.8;22;pökkelö 12 m;1;12;18.8161313
TEXAS;145;1;2515961.186;6861191.253;11;255;11;22;yksi oksa tallella. Pökkelö 12 m;1;12;20.14771237
TEXAS;140;1;2515964.562;6861196.289;11;259;15.1;11;;0;NA;20.27123671
TEXAS;142;1;2515964.884;6861193.474;12;189;14.6;12;Toispuoleinen. Puu nro. 141 piiskannut.;0;NA;17.73418588
TEXAS;141;1;2515965.968;6861195.245;11;253;14.2;12;katkennut 14 m korkeudelta;1;14;20.08511572
TEXAS;156;2;2515965.594;6861188.916;11;158;4;11;;0;NA;14.36469483
TEXAS;157;1;2515966.734;6861190.526;11;244;15.3;11;;0;NA;19.79630895
TEXAS;158;1;2515968.749;6861193.181;11;235;12.9;12;2-haarainen. Kaksi merkittävää isoa latvaa;0;NA;19.49530122
TEXAS;152;1;2515967.738;6861187.674;22;151;NA;22;Pökkelö. Poikki n. 12m korkeudesta.;0;NA;15.92210205
TEXAS;153;1;2515968.811;6861188.922;13;128;13.4;22;pökkelö 7 m;1;7;14.61563322
TEXAS;155;1;2515969.936;6861191.622;11;249;11.4;11;;0;NA;19.95821553
TEXAS;154;1;2515970.247;6861188.47;11;242;12.3;11;;0;NA;19.73049952
TEXAS;163;2;2515972.853;6861193.241;11;155;7.3;11;normaali;0;NA;14.1457915
TEXAS;164;2;2515973.346;6861191.283;11;158;2.5;11;;0;NA;14.36469483
TEXAS;165;2;2515974.665;6861194.382;11;149;4.2;11;;0;NA;13.70540087
TEXAS;168;1;2515975.568;6861192.127;11;226;12.5;11;;0;NA;19.18130268
TEXAS;167;2;2515976.545;6861193.913;11;182;6.3;11;;0;NA;16.08557064
TEXAS;169;1;2515977.853;6861189.475;11;217;11.9;11;;0;NA;18.85345382
TEXAS;172;1;2515978.089;6861185.926;11;209;9.5;22;pökkelö 6 m;1;6;18.54964952
TEXAS;176;2;2515979.568;6861188.968;11;163;2.1;11;;0;NA;14.72763708
TEXAS;177;1;2515980.83;6861190.916;12;181;11.1;12;latva laaja;0;NA;17.38345378
TEXAS;173;1;2515979.869;6861185.531;11;152;12.4;12;latvus epäsymmetrinen;0;NA;15.97493136
TEXAS;178;4;2515982.745;6861189.482;11;99;6.5;11;;0;NA;9.89613548
TEXAS;175;1;2515982.002;6861186.773;11;280;12;11;;0;NA;20.88532338
TEXAS;174;1;2515981.748;6861185.498;12;186;12.3;12;Toispuoleinen. Puu nro. 175 piiskannut.;0;NA;17.60440535
TEXAS;326;2;2515894.274;6861204.734;11;273;10.1;11;;0;NA;22.15547884
TEXAS;325;2;2515897.039;6861200.337;11;364;9.7;11;;0;NA;27.59044679
TEXAS;324;2;2515898.486;6861202.629;11;376;9.6;11;;0;NA;28.26500839
TEXAS;322;2;2515900.137;6861196.946;11;292;10.6;11;;0;NA;23.33923876
TEXAS;321;2;2515903.274;6861195.773;11;504;7;11;;0;NA;34.92447758
TEXAS;319;2;2515905.073;6861201.925;11;284;6.1;11;;0;NA;22.84411658
TEXAS;320;2;2515905.093;6861199.289;11;289;11.5;11;;0;NA;23.15412555
TEXAS;305;2;2515908.034;6861194.128;11;88;3.9;11;;0;NA;9.023176095
TEXAS;299;2;2515910.245;6861198.164;11;241;4.8;11;;0;NA;20.09889236
TEXAS;304;2;2515910.58;6861193.888;11;77;3.2;12;latvasta n. 1 m katki;1;-1;8.136998114
TEXAS;300;1;2515912.063;6861197.738;11;223;14.7;11;;0;NA;19.07360325
TEXAS;303;1;2515911.517;6861194.615;22;123;NA;22;pökkelö 2 m;0;NA;14.30629813
TEXAS;302;1;2515913.794;6861195.166;11;239;13.2;11;;0;NA;19.63063775
TEXAS;301;2;2515914.92;6861198.398;11;199;3.3;11;;0;NA;17.27279054
TEXAS;287;1;2515913.699;6861191.233;11;308;13.8;11;;0;NA;21.62371622
TEXAS;280;2;2515918.678;6861198.479;11;100;2.4;11;;0;NA;9.974850171
TEXAS;283;1;2515918.296;6861193.323;11;270;14.3;11;;0;NA;20.59987756
TEXAS;282;1;2515919.067;6861194.669;21;139;NA;21;kelo;0;NA;15.26318218
TEXAS;279;1;2515920.31;6861197.562;12;215;13.4;22;pökkelö 8 m;1;8;18.77862496
TEXAS;284;2;2515919.212;6861191.702;11;141;4.8;11;;0;NA;13.11279395
TEXAS;281;1;2515920.629;6861195.953;11;266;15.1;12;poikki 16 m korkeudelta;1;16;20.482202
TEXAS;253;1;2515923.038;6861196.967;12;221;15.1;12;Toispuoleinen. Puu nro. 252 piiskannut.;0;NA;19.00093243
TEXAS;257;1;2515921.719;6861191.972;11;195;15;22;pökkelö 10 m;1;10;17.98769617
TEXAS;256;1;2515922.127;6861192.972;13;114;15.9;13;kituva;0;NA;13.72394307
TEXAS;252;2;2515924.437;6861197.346;12;245;9.5;12;Toispuoleinen. Puu nro. 253 piiskannut.;0;NA;20.36040648
TEXAS;260;2;2515922.249;6861188.552;11;182;3.4;11;;0;NA;16.08557064
TEXAS;254;2;2515924.33;6861193.701;11;228;6.5;11;;0;NA;19.23996292
TEXAS;258;2;2515924.717;6861191.952;11;203;11.2;11;;0;NA;17.54842095
TEXAS;259;2;2515924.217;6861188.884;11;255;11.8;11;;0;NA;21.00857951
TEXAS;242;1;2515926.986;6861192.545;11;151;14.6;11;;0;NA;15.92210205
TEXAS;224;1;2515928.404;6861194.509;11;205;14.8;11;;0;NA;18.39314515
TEXAS;232;2;2515927.226;6861188.47;11;294;4.5;11;;0;NA;23.46227806
TEXAS;230;2;2515927.744;6861190.338;11;155;4.7;11;;0;NA;14.1457915
TEXAS;226;2;2515929.077;6861192.292;11;187;10;11;;0;NA;16.43743402
TEXAS;225;2;2515930.009;6861193.83;11;190;5.1;11;;0;NA;16.64747347
TEXAS;227;4;2515931.187;6861191.474;14;72;6.6;14;Vino n. 1.5m puuta nro. 205 kohti.;0;NA;7.72973867
TEXAS;231;1;2515930.357;6861187.649;11;250;10.6;11;;0;NA;19.99015635
TEXAS;229;2;2515930.959;6861189.447;11;209;4.5;11;;0;NA;17.9592579
TEXAS;228;1;2515933.859;6861189.261;11;275;13.7;11;;0;NA;20.74413158
TEXAS;205;1;2515936.384;6861192.516;11;218;14.7;11;;0;NA;18.89059386
TEXAS;206;1;2515937.641;6861193.409;12;166;12.9;12;Toispuoleinen. Puu nro 205 piiskaa;0;NA;16.68347214
TEXAS;204;2;2515937.069;6861188.017;11;293;7.6;11;;0;NA;23.40079527
TEXAS;195;2;2515941.133;6861192.455;11;222;8.6;11;;0;NA;18.83882012
TEXAS;199;2;2515941.047;6861185.941;11;201;7.7;11;;0;NA;17.41078054
TEXAS;196;1;2515943.694;6861192.393;11;248;13.4;11;;0;NA;19.92612921
TEXAS;197;2;2515943.553;6861189.729;11;195;8.6;12;katkennut 12 m korkeudelta;1;12;16.99575643
TEXAS;105;2;2515945.526;6861191.881;11;193;8.1;12;katkennut 12 m korkeudelta;1;12;16.85670964
TEXAS;198;2;2515943.912;6861185.941;11;235;7.4;11;;0;NA;19.70418604
TEXAS;109;1;2515945.281;6861189.024;22;148;NA;22;pökkelö 3 m;0;NA;15.76174448
TEXAS;108;2;2515946.7;6861191.194;12;88;3.9;13;kituva;0;NA;9.023176095
TEXAS;110;2;2515946.664;6861188.148;11;177;9.9;11;;0;NA;15.73144139
TEXAS;111;2;2515947.346;6861185.534;11;187;5.1;11;;0;NA;16.43743402
TEXAS;113;2;2515949.944;6861188.17;11;203;9.3;11;;0;NA;17.54842095
TEXAS;112;2;2515950.257;6861184.013;11;225;6.1;11;;0;NA;19.03976738
TEXAS;128;2;2515954.241;6861186.01;11;287;7.5;11;;0;NA;23.03034568
TEXAS;129;2;2515953.676;6861182.914;11;247;6.2;11;;0;NA;20.49068012
TEXAS;131;1;2515957.698;6861187.857;22;148;NA;22;pökkelö 5 m;0;NA;15.76174448
TEXAS;130;2;2515958.416;6861182.179;11;211;6.6;11;;0;NA;18.09551316
TEXAS;146;2;2515960.457;6861186.454;11;82;3;11;;0;NA;8.541464065
TEXAS;147;2;2515961.596;6861184.152;11;318;10.3;11;;0;NA;24.91608675
TEXAS;148;2;2515961.031;6861181.939;11;323;7.7;11;;0;NA;25.21379344
TEXAS;149;2;2515963.29;6861181.331;11;268;6.2;11;;0;NA;21.83941508
TEXAS;150;1;2515966.973;6861183.088;12;239;10;22;pökkelö 8 m;1;8;19.63063775
TEXAS;151;1;2515970.477;6861184.745;11;319;10.9;11;;0;NA;21.89161957
TEXAS;170;4;2515974.255;6861183.418;11;87;3.5;11;;0;NA;8.943165164
TEXAS;171;1;2515976.938;6861181.43;11;312;9.4;11;;0;NA;21.72249116
TEXAS;289;2;2515909.198;6861189.321;11;383;7.4;11;;0;NA;28.65425202
TEXAS;288;2;2515912.544;6861189.072;11;112;4.7;11;;0;NA;10.91117348
TEXAS;286;1;2515915.193;6861187.982;11;198;14;22;pökkelö 9 m;1;9;18.11151924
TEXAS;290;2;2515915.036;6861182.311;11;363;5.6;11;;0;NA;27.53381306
TEXAS;285;1;2515918.349;6861188.87;11;252;15.6;11;;0;NA;20.05360548
TEXAS;264;2;2515917.711;6861183.568;11;80;NA;11;;0;NA;8.380011062
TEXAS;263;1;2515919.511;6861184.818;11;310;11.5;11;;0;NA;21.67330082
TEXAS;262;1;2515921.156;6861187.203;11;217;15.9;11;;0;NA;18.85345382
TEXAS;265;2;2515920.332;6861181.539;11;214;7.3;11;;0;NA;18.29925329
TEXAS;261;1;2515923.357;6861187.284;11;248;16.6;11;;0;NA;19.92612921
TEXAS;266;2;2515923.693;6861181.542;22;129;NA;22;Pökkelö 6 m;0;NA;12.21206991
TEXAS;233;2;2515925.002;6861185.714;11;204;5.1;11;;0;NA;17.61711048
TEXAS;241;2;2515927.133;6861181.836;11;111;5.6;22;pökkelö 4 m ;1;4;10.83372378
TEXAS;267;2;2515927.239;6861178.859;14;88;5.2;14;vino 3 m / 36 astetta;2;NA;9.023176095
TEXAS;240;2;2515928.177;6861181.139;11;202;6;11;;0;NA;17.47964436
TEXAS;268;2;2515927.341;6861176.968;11;310;11.7;11;;0;NA;24.436083
TEXAS;239;2;2515931.018;6861181.153;11;108;5.9;12;1 m latvaa katki. Latvus epäsymmetrinen. Puu nro 237 piiskaa;1;-1;10.60074836
TEXAS;238;2;2515931.19;6861181.708;11;74;NA;11;;0;NA;7.892979517
TEXAS;237;2;2515931.477;6861181.81;11;91;6.1;12;1 m latvaa katki. Latvus epäsymmetrinen. Puu nro 239 piiskaa;1;-1;9.262554351
TEXAS;236;2;2515930.872;6861177.705;11;198;6.8;11;;0;NA;17.20366403
TEXAS;234;2;2515934.198;6861183.582;11;73;NA;11;;0;NA;7.811415426
TEXAS;235;2;2515933.52;6861178.768;11;252;7.1;11;;0;NA;20.81496376
TEXAS;203;2;2515936.46;6861183.948;11;231;7.9;11;;0;NA;19.43941094
TEXAS;202;2;2515936.708;6861180.073;11;293;6.1;11;;0;NA;23.40079527
TEXAS;201;2;2515939.279;6861181.652;11;325;10.3;11;;0;NA;25.33238604
TEXAS;200;2;2515943.533;6861181.648;11;286;7;11;;0;NA;22.96834402
TEXAS;270;2;2515921.293;6861178.053;11;326;4.4;11;;0;NA;25.39157781
TEXAS;269;2;2515925.023;6861177.013;11;367;9.2;11;;0;NA;27.75995802
TEXAS;210;1;2515937.802;6861206.543;23;137;NA;NA;;NA;NA;15.14867583
