<?xml version="1.0"?>
<!--<!DOCTYPE metadata SYSTEM "http://www.esri.com/metadata/esriprof80.dtd">-->
<metadata xml:lang="fi"><Esri><CreaDate>20111027</CreaDate><CreaTime>12410800</CreaTime><SyncOnce>TRUE</SyncOnce><MetaID>{3F3D0B2D-9491-488A-BE38-781C7960211F}</MetaID></Esri><idinfo><citation><citeinfo><onlink Sync="TRUE">\\MMVAR-14176\D\HY-data\VASTARAN\Vastaranta\GISopetus\GIS202_laserkurssi\Exercises\Exercise 5 materials\TrainingTrees</onlink></citeinfo></citation></idinfo><distInfo><distributor><distorTran><onLineSrc><linkage Sync="TRUE">file://\\MMVAR-14176\D\HY-data\VASTARAN\Vastaranta\GISopetus\GIS202_laserkurssi\Exercises\Exercise 5 materials\TrainingTrees</linkage><protocol Sync="TRUE">Local Area Network</protocol></onLineSrc></distorTran></distributor></distInfo><dataqual><lineage><procstep><procdesc Sync="TRUE">Dataset copied.</procdesc><srcused Sync="TRUE">D:\HY-data\VASTARAN\ARC\TrainingTrees</srcused><procdate Sync="TRUE">20111017</procdate><proctime Sync="TRUE">12094900</proctime></procstep><procstep><procdesc Sync="TRUE">Dataset copied.</procdesc><srcused Sync="TRUE">D:\HY-data\VASTARAN\R\Laserkurssi\TrainingTrees</srcused><procdate Sync="TRUE">20111027</procdate><proctime Sync="TRUE">12410800</proctime></procstep></lineage></dataqual></metadata>
